smiles,FishAT,group,valid_smiles,has_aniline_amino,has_aryl_chlorine,aniline_amino_match_count,aryl_chlorine_match_count,aniline_amino_match_atoms,aryl_chlorine_match_atoms
CCc1nc(N)nc(N)c1-c1ccc(Cl)cc1,1,train,True,True,True,2,1,"(4, 5); (7, 8)","(13, 14)"
Nc1ccc(S(=O)(=O)Nc2ccc(Cl)nn2)cc1,1,test,True,True,True,1,1,"(1, 0)","(12, 13)"
Nc1ccc(-c2ccc(N)c(Cl)c2)cc1Cl,1,train,True,True,True,2,2,"(1, 0); (8, 9)","(10, 11); (14, 15)"
Nc1ccccc1Cl,1,train,True,True,True,1,1,"(1, 0)","(6, 7)"
Nc1ccc(Cl)c(Cl)c1,1,train,True,True,True,1,2,"(1, 0)","(4, 5); (6, 7)"
Cc1ccc(Cl)c(N)c1,1,train,True,True,True,1,1,"(6, 7)","(4, 5)"
Nc1cc(Cl)ccc1Cl,1,train,True,True,True,1,2,"(1, 0)","(3, 4); (7, 8)"
Nc1c(Cl)cc([N+](=O)[O-])cc1Cl,1,train,True,True,True,1,2,"(1, 0)","(2, 3); (10, 11)"
Nc1ccc(Cc2ccc(N)c(Cl)c2)cc1Cl,1,train,True,True,True,2,2,"(1, 0); (9, 10)","(11, 12); (15, 16)"
Nc1ccc(Cl)cc1,1,valid,True,True,True,1,1,"(1, 0)","(4, 5)"
Nc1cccc(Cl)c1,1,train,True,True,True,1,1,"(1, 0)","(5, 6)"
Nc1ccc([N+](=O)[O-])cc1Cl,1,train,True,True,True,1,1,"(1, 0)","(9, 10)"
Nc1ccc(Cl)cc1Cl,1,train,True,True,True,1,2,"(1, 0)","(4, 5); (7, 8)"
Nc1c(Cl)cccc1Cl,1,test,True,True,True,1,2,"(1, 0)","(2, 3); (7, 8)"
Cc1ccc(N)c(Cl)c1,1,test,True,True,True,1,1,"(4, 5)","(6, 7)"
Nc1ccc(Cl)c(Cl)c1Cl,1,train,True,True,True,1,3,"(1, 0)","(4, 5); (6, 7); (8, 9)"
Nc1c(Cl)cc(Cl)cc1Cl,1,test,True,True,True,1,3,"(1, 0)","(2, 3); (5, 6); (8, 9)"
Nc1cc(Cl)c(Cl)cc1Cl,1,test,True,True,True,1,3,"(1, 0)","(3, 4); (5, 6); (8, 9)"
Nc1c(Cl)c(Cl)nc(C(=O)O)c1Cl,1,train,True,True,True,1,3,"(1, 0)","(2, 3); (4, 5); (11, 12)"
Nc1ccccc1C(=O)c1ccc(Cl)cc1,1,train,True,True,True,1,1,"(1, 0)","(12, 13)"
Nc1c(Cl)c(Cl)cc(Cl)c1Cl,1,valid,True,True,True,1,4,"(1, 0)","(2, 3); (4, 5); (7, 8); (9, 10)"
Cc1cc(Cl)nc(N)n1,1,train,True,True,True,1,1,"(6, 7)","(3, 4)"
N#Cc1cc(Cl)ccc1N,1,train,True,True,True,1,1,"(8, 9)","(4, 5)"
Cc1ccc(N)cc1Cl,1,train,True,True,True,1,1,"(4, 5)","(7, 8)"
Nc1c(Cl)c(F)nc(OCC(=O)O)c1Cl,1,train,True,True,True,1,2,"(1, 0)","(2, 3); (13, 14)"
N#Cc1nn(-c2c(Cl)cc(C(F)(F)F)cc2Cl)c(N)c1SC(F)(F)F,1,train,True,True,True,1,2,"(17, 18)","(6, 7); (15, 16)"
N#Cc1nn(-c2c(Cl)cc(C(F)(F)F)cc2Cl)c(N)c1S(=O)(=O)C(F)(F)F,1,train,True,True,True,1,2,"(17, 18)","(6, 7); (15, 16)"
N#Cc1nn(-c2c(Cl)cc(C(F)(F)F)cc2Cl)c(N)c1S(=O)C(F)(F)F,1,train,True,True,True,1,2,"(17, 18)","(6, 7); (15, 16)"
N#Cc1nn(-c2c(Cl)cc(C(F)(F)F)cc2Cl)c(N)c1C(F)(F)F,1,valid,True,True,True,1,2,"(17, 18)","(6, 7); (15, 16)"
COC(=O)c1nc(C2CC2)nc(N)c1Cl,1,valid,True,True,True,1,1,"(11, 12)","(13, 14)"
CCCCCCC(C)OC(=O)COc1nc(F)c(Cl)c(N)c1Cl,1,train,True,True,True,1,2,"(19, 20)","(17, 18); (21, 22)"
Nc1cc(Cl)cc(Cl)c1,1,train,True,True,True,1,2,"(1, 0)","(3, 4); (6, 7)"
Nc1cc(Cl)c(N)cc1Cl,1,train,True,True,True,2,2,"(1, 0); (5, 6)","(3, 4); (8, 9)"
Nc1ccc(Cl)cc1[N+](=O)[O-],1,test,True,True,True,1,1,"(1, 0)","(4, 5)"
Nc1nc(C2CC2)nc(C(=O)O)c1Cl,0,valid,True,True,True,1,1,"(1, 0)","(12, 13)"
Nc1cc(Cl)nc(C(=O)O)c1Cl,1,train,True,True,True,1,2,"(1, 0)","(3, 4); (10, 11)"
Nc1cc(Cl)cc(C(=O)O)c1Cl,1,test,True,True,True,1,2,"(1, 0)","(3, 4); (10, 11)"
N#Cc1nn(-c2c(Cl)cc(C(F)(F)F)cc2Cl)c(N)c1[S+](O)C(F)(F)F,1,train,True,True,True,1,2,"(17, 18)","(6, 7); (15, 16)"
CCS(=O)c1c(C#N)nn(-c2c(Cl)cc(C(F)(F)F)cc2Cl)c1N,1,train,True,True,True,1,2,"(22, 23)","(11, 12); (20, 21)"
CN(C)c1nc(N)c(C(=O)NC(=N)N)nc1Cl,1,train,True,True,True,1,1,"(5, 6)","(15, 16)"
COC(=O)c1nc(-c2ccc(Cl)c(OC)c2F)cc(N)c1Cl,1,train,True,True,True,1,2,"(18, 19)","(10, 11); (20, 21)"
Nc1ccc(C(F)(F)F)cc1Cl,1,train,True,True,True,1,1,"(1, 0)","(10, 11)"
Nc1c(Cl)c(O)nc(F)c1Cl,1,valid,True,True,True,1,2,"(1, 0)","(2, 3); (9, 10)"
Nc1cnn(-c2ccccc2)c(=O)c1Cl,1,train,True,True,True,1,1,"(1, 0)","(13, 14)"
Cn1ncc(N)c(Cl)c1=O,1,train,True,True,True,1,1,"(4, 5)","(6, 7)"
COc1c(Cl)ccc(-c2cc(N)c(Cl)c(C(=O)O)n2)c1F,0,train,True,True,True,1,2,"(10, 11)","(3, 4); (12, 13)"
Nc1cc(-c2ccc(Cl)c(O)c2F)nc(C(=O)O)c1Cl,0,train,True,True,True,1,2,"(1, 0)","(7, 8); (18, 19)"
Nc1c([N+](=O)[O-])ccc(Oc2ccccc2)c1Cl,1,test,True,True,True,1,1,"(1, 0)","(16, 17)"
Nc1ccc(Cl)cc1C(F)(F)F,1,train,True,True,True,1,1,"(1, 0)","(4, 5)"
CC(C)(C)Nc1nc(N)nc(Cl)n1,1,train,True,True,True,1,1,"(7, 8)","(10, 11)"
Nc1cn[nH]c(=O)c1Cl,1,train,True,True,True,1,1,"(1, 0)","(7, 8)"
C=CCOC(=O)C(C)(C)OC(=O)c1cc(N)ccc1Cl,1,train,True,True,True,1,1,"(14, 15)","(18, 19)"
COc1cc(Cl)c(OC)cc1N,1,train,True,True,True,1,1,"(10, 11)","(4, 5)"
NC(=O)c1ccc(Cl)c(N)c1,1,train,True,True,True,1,1,"(8, 9)","(6, 7)"
Nc1c(Cl)cc(C(F)(F)F)cc1Cl,1,train,True,True,True,1,2,"(1, 0)","(2, 3); (11, 12)"
Nc1c(Cl)ccc(Cl)c1Cl,1,train,True,True,True,1,3,"(1, 0)","(2, 3); (6, 7); (8, 9)"
Nc1cc(Cl)c(Cl)c(Cl)c1Cl,1,train,True,True,True,1,4,"(1, 0)","(3, 4); (5, 6); (7, 8); (9, 10)"
Nc1cc(Cl)ccc1Oc1ccc(Cl)cc1Cl,1,train,True,True,True,1,3,"(1, 0)","(3, 4); (12, 13); (15, 16)"
Nc1ccc(Cl)cc1O,1,train,True,True,True,1,1,"(1, 0)","(4, 5)"
CC1Cn2c(nnc2-c2cnccn2)C(=O)N1Cc1cc(N)ccc1Cl,1,train,True,True,True,1,1,"(20, 21)","(24, 25)"
COC(=O)COc1nc(F)c(Cl)c(N)c1Cl,1,train,True,True,True,1,2,"(12, 13)","(10, 11); (14, 15)"
Nc1cc(Cl)c(OC(F)(F)C(F)C(F)(F)F)cc1Cl,1,train,True,True,True,1,2,"(1, 0)","(3, 4); (17, 18)"
Cc1cc(N)c(S(=O)(=O)O)cc1Cl,0,valid,True,True,True,1,1,"(3, 4)","(11, 12)"
CC1(C)CCC(CN2CCN(c3ccc(C(=O)NS(=O)(=O)c4cnc(OCC5(F)CCN(CC(F)F)CC5)c(Cl)c4)c(Oc4cnc(N)c(Cl)c4)c3)CC2)=C(c2ccc(Cl)cc2)C1,0,train,True,True,True,1,3,"(46, 47)","(38, 39); (48, 49); (58, 59)"
Cc1ccc(Cl)cc1N,1,valid,True,True,True,1,1,"(7, 8)","(4, 5)"
